<?xml version="1.0" encoding="UTF-8"?>
<jcr:root xmlns:sling="http://sling.apache.org/jcr/sling/1.0" xmlns:cq="http://www.day.com/jcr/cq/1.0" xmlns:jcr="http://www.jcp.org/jcr/1.0" xmlns:mix="http://www.jcp.org/jcr/mix/1.0" xmlns:nt="http://www.jcp.org/jcr/nt/1.0"
    jcr:primaryType="cq:Page">
    <jcr:content
        cq:contextHubPath="/libs/settings/cloudsettings/legacy/contexthub"
        cq:contextHubSegmentsPath="/conf/projectName/settings/wcm/segments"
        cq:lastModified="{Date}2022-05-18T15:31:57.133+05:30"
        cq:lastModifiedBy="admin"
        cq:lastReplicated="{Date}2022-04-26T20:38:57.019+05:30"
        cq:lastReplicatedBy="admin"
        cq:lastReplicationAction="Activate"
        cq:template="/conf/projectName/settings/wcm/templates/content-page"
        jcr:isCheckedOut="{Boolean}true"
        jcr:mixinTypes="[mix:lockable,mix:versionable]"
        jcr:primaryType="cq:PageContent"
        jcr:title="Ultimate Guide to LA Skatepark"
        jcr:uuid="77b133cb-2ea7-4999-9d4c-7ae11014664a"
        sling:resourceType="projectName/components/structure/page"
        socialMedia="[facebook,pinterest]">
        <root
            jcr:primaryType="nt:unstructured"
            sling:resourceType="wcm/foundation/components/responsivegrid">
            <responsivegrid
                jcr:primaryType="nt:unstructured"
                sling:resourceType="wcm/foundation/components/responsivegrid">
                <image_1853470894
                    jcr:created="{Date}2022-05-04T11:45:47.663+05:30"
                    jcr:createdBy="admin"
                    jcr:lastModified="{Date}2022-05-05T16:05:08.851+05:30"
                    jcr:lastModifiedBy="admin"
                    jcr:primaryType="nt:unstructured"
                    sling:resourceType="projectName/components/content/image"
                    alt="WKND Logo"
                    altValueFromDAM="false"
                    displayPopupTitle="true"
                    fileReference="/content/dam/wknd/en/site/wknd-logo-dk.svg"
                    isDecorative="false"
                    linkURL="/content/wknd/us/en"
                    titleValueFromDAM="true">
                    <cq:responsive jcr:primaryType="nt:unstructured">
                        <default
                            jcr:primaryType="nt:unstructured"
                            offset="0"
                            width="2"/>
                    </cq:responsive>
                </image_1853470894>
                <text_1246610646
                    jcr:created="{Date}2022-05-04T11:52:02.180+05:30"
                    jcr:createdBy="admin"
                    jcr:lastModified="{Date}2022-05-18T15:28:58.015+05:30"
                    jcr:lastModifiedBy="admin"
                    jcr:primaryType="nt:unstructured"
                    sling:resourceType="projectName/components/content/text"
                    text="&lt;p>&lt;a href=&quot;#magazines&quot;>&lt;/a>&lt;b>Magazines&lt;/b>&lt;/p>&#xd;&#xa;&lt;p>Adventures&lt;/p>&#xd;&#xa;&lt;p>FAQs&lt;/p>&#xd;&#xa;&lt;p>About Us&lt;/p>&#xd;&#xa;"
                    textIsRich="true">
                    <cq:responsive jcr:primaryType="nt:unstructured">
                        <default
                            jcr:primaryType="nt:unstructured"
                            offset="0"
                            width="7"/>
                    </cq:responsive>
                </text_1246610646>
                <search
                    jcr:created="{Date}2022-05-04T11:52:30.556+05:30"
                    jcr:createdBy="admin"
                    jcr:lastModified="{Date}2022-05-04T11:52:30.556+05:30"
                    jcr:lastModifiedBy="admin"
                    jcr:primaryType="nt:unstructured"
                    sling:resourceType="projectName/components/content/search">
                    <cq:responsive jcr:primaryType="nt:unstructured">
                        <default
                            jcr:primaryType="nt:unstructured"
                            offset="0"
                            width="2"/>
                    </cq:responsive>
                </search>
                <image
                    jcr:created="{Date}2022-05-04T11:41:45.516+05:30"
                    jcr:createdBy="admin"
                    jcr:lastModified="{Date}2022-05-05T15:52:17.516+05:30"
                    jcr:lastModifiedBy="admin"
                    jcr:primaryType="nt:unstructured"
                    sling:resourceType="projectName/components/content/image"
                    fileReference="/content/dam/wknd/en/magazine/la-skateparks/robson-hatsukami-morgan-280159.jpg"/>
                <text_270684157
                    jcr:created="{Date}2022-05-04T11:53:53.064+05:30"
                    jcr:createdBy="admin"
                    jcr:lastModified="{Date}2022-05-04T11:54:33.288+05:30"
                    jcr:lastModifiedBy="admin"
                    jcr:primaryType="nt:unstructured"
                    sling:resourceType="projectName/components/content/text"
                    text="&lt;p>&lt;a href=&quot;#magazine&quot;>Magazine&lt;/a> Ultimate Guide to LA Skateparks&lt;/p>&#xd;&#xa;"
                    textIsRich="true"/>
                <text_555935246
                    jcr:created="{Date}2022-05-04T11:55:06.799+05:30"
                    jcr:createdBy="admin"
                    jcr:lastModified="{Date}2022-05-04T11:55:23.221+05:30"
                    jcr:lastModifiedBy="admin"
                    jcr:primaryType="nt:unstructured"
                    sling:resourceType="projectName/components/content/text"
                    text="&lt;h1>&lt;b>Ultimate Guide to LA Skateparks&lt;/b>&lt;/h1>&#xd;&#xa;"
                    textIsRich="true">
                    <cq:responsive jcr:primaryType="nt:unstructured">
                        <default
                            jcr:primaryType="nt:unstructured"
                            offset="0"
                            width="12"/>
                    </cq:responsive>
                </text_555935246>
                <container
                    jcr:created="{Date}2022-05-04T11:56:02.859+05:30"
                    jcr:createdBy="admin"
                    jcr:lastModified="{Date}2022-05-04T11:56:02.859+05:30"
                    jcr:lastModifiedBy="admin"
                    jcr:primaryType="nt:unstructured"
                    sling:resourceType="projectName/components/content/container">
                    <cq:responsive jcr:primaryType="nt:unstructured">
                        <default
                            jcr:primaryType="nt:unstructured"
                            offset="0"
                            width="7"/>
                    </cq:responsive>
                    <text
                        jcr:created="{Date}2022-05-04T11:56:19.626+05:30"
                        jcr:createdBy="admin"
                        jcr:lastModified="{Date}2022-05-04T15:28:12.462+05:30"
                        jcr:lastModifiedBy="admin"
                        jcr:primaryType="nt:unstructured"
                        sling:resourceType="projectName/components/content/text"
                        text="&lt;p>BY STACEY ROSWELLS&lt;/p>&#xd;&#xa;&lt;p>Contrary to popular belief skateboarding, the sport as we know it was not invented by Marty McFly as depicted in the box office hit&amp;nbsp;&lt;i>Back to the Future.&lt;/i>&amp;nbsp;It is widely considered that the sport was invented in California by surfers who wanted something to do when the ocean waves went &amp;quot;flat&amp;quot; or in non-surfer terms when there were no waves in the early 1950s. This was termed &amp;quot;sidewalk surfing&amp;quot; as a never ending wave that surfers could drop in on, unless it was raining. Los Angeles is long considered the epicenter of this alternative sport. The sport grew slowly, mostly on the west coast, finally becoming mainstream into the 1980s. In the summer of 2020 skateboarding will make its debut in the Olympics. In honor of this historic achievment we tracked down the top skate spots in greater Los Angeles.&lt;/p>&#xd;&#xa;"
                        textIsRich="true">
                        <cq:responsive jcr:primaryType="nt:unstructured">
                            <phone
                                jcr:primaryType="nt:unstructured"
                                offset="0"
                                width="7"/>
                        </cq:responsive>
                    </text>
                    <text_1758253745
                        jcr:created="{Date}2022-05-04T11:56:54.755+05:30"
                        jcr:createdBy="admin"
                        jcr:lastModified="{Date}2022-05-05T16:30:05.425+05:30"
                        jcr:lastModifiedBy="admin"
                        jcr:primaryType="nt:unstructured"
                        sling:resourceType="projectName/components/content/text"
                        text="&lt;blockquote>&lt;i>&amp;quot;There is no better place to shred then Los Angeles&amp;quot;&lt;/i>&lt;/blockquote>&#xd;&#xa;&lt;p>&lt;i>Jacob Wester - Pro Skater&lt;/i>&lt;/p>&#xd;&#xa;"
                        textIsRich="true"/>
                    <text_697836493
                        jcr:created="{Date}2022-05-04T11:57:26.062+05:30"
                        jcr:createdBy="admin"
                        jcr:lastModified="{Date}2022-05-04T11:57:30.668+05:30"
                        jcr:lastModifiedBy="admin"
                        jcr:primaryType="nt:unstructured"
                        sling:resourceType="projectName/components/content/text"
                        text="&lt;h2>Vans Off the Wall Skatepark&lt;/h2>&#xd;&#xa;&lt;p>&lt;b>Vans off the Wall Skatepark, Huntington Beach&lt;/b>&amp;nbsp;located in Orange County, Vans Huntington Beach is a skate park paradise. With a cool ocean breeze and always sunny weather makes this destination a good time, anytime. The layout includes an enormous street skating area with something for everyone. There are multiple connecting bowls, easily 15 feet deep which contain top of the line concrete and is well maintained. Multiple stairs, rails, and ramps complete this great skatepark. Whether your an amateur, still attempting your first kick flip or an experience pro, polishing off that back-side 900 Vans H.B. will have something for you.&lt;/p>&#xd;&#xa;"
                        textIsRich="true"/>
                </container>
                <container_1799135343
                    jcr:created="{Date}2022-05-04T11:58:05.601+05:30"
                    jcr:createdBy="admin"
                    jcr:lastModified="{Date}2022-05-04T11:58:05.601+05:30"
                    jcr:lastModifiedBy="admin"
                    jcr:primaryType="nt:unstructured"
                    sling:resourceType="projectName/components/content/container">
                    <cq:responsive jcr:primaryType="nt:unstructured">
                        <default
                            jcr:primaryType="nt:unstructured"
                            behavior="none"
                            offset="0"
                            width="5"/>
                    </cq:responsive>
                    <title
                        jcr:created="{Date}2022-05-04T15:28:42.586+05:30"
                        jcr:createdBy="admin"
                        jcr:lastModified="{Date}2022-05-04T15:29:05.788+05:30"
                        jcr:lastModifiedBy="admin"
                        jcr:primaryType="nt:unstructured"
                        jcr:title="SHARE THIS STORY"
                        sling:resourceType="projectName/components/content/title"
                        type="h4"/>
                    <sharing_1495637803
                        jcr:created="{Date}2022-05-04T15:23:06.953+05:30"
                        jcr:createdBy="admin"
                        jcr:lastModified="{Date}2022-05-04T15:23:06.953+05:30"
                        jcr:lastModifiedBy="admin"
                        jcr:primaryType="nt:unstructured"
                        sling:resourceType="projectName/components/content/sharing"/>
                    <download
                        jcr:created="{Date}2022-05-04T11:59:51.131+05:30"
                        jcr:createdBy="admin"
                        jcr:description="&lt;p>Get the Full Story&lt;/p>&#xd;&#xa;"
                        jcr:lastModified="{Date}2022-05-18T15:29:15.785+05:30"
                        jcr:lastModifiedBy="admin"
                        jcr:primaryType="nt:unstructured"
                        jcr:title="Ultimate Guide To LA Skateparks PDF"
                        sling:resourceType="projectName/components/content/download"
                        actionText="Download PDF"
                        descriptionFromAsset="false"
                        fileName="wknd download.png"
                        inline="false"
                        textIsRich="true"
                        titleFromAsset="true">
                        <file/>
                    </download>
                    <list
                        jcr:created="{Date}2022-05-04T12:01:33.517+05:30"
                        jcr:createdBy="admin"
                        jcr:lastModified="{Date}2022-05-05T16:27:18.475+05:30"
                        jcr:lastModifiedBy="admin"
                        jcr:primaryType="nt:unstructured"
                        sling:resourceType="projectName/components/content/list"
                        childDepth="1"
                        linkItems="true"
                        listFrom="children"
                        maxItems="4"
                        parentPage="/content/wknd/us/en"
                        showDescription="false"
                        showModificationDate="true"
                        sortOrder="asc"
                        tagsMatch="any"/>
                </container_1799135343>
                <image_780480698
                    jcr:created="{Date}2022-05-18T15:29:25.694+05:30"
                    jcr:createdBy="admin"
                    jcr:lastModified="{Date}2022-05-18T15:30:50.763+05:30"
                    jcr:lastModifiedBy="admin"
                    jcr:primaryType="nt:unstructured"
                    sling:resourceType="projectName/components/content/image"
                    alt="WKND Logo Light"
                    altValueFromDAM="false"
                    displayPopupTitle="true"
                    fileReference="/content/dam/wknd/en/site/wknd-logo-light.svg"
                    isDecorative="false"
                    linkURL="/content/wknd/us/en"
                    titleValueFromDAM="true">
                    <cq:responsive jcr:primaryType="nt:unstructured">
                        <default
                            jcr:primaryType="nt:unstructured"
                            behavior="newline"
                            offset="0"
                            width="2"/>
                    </cq:responsive>
                </image_780480698>
            </responsivegrid>
        </root>
    </jcr:content>
</jcr:root>
