<?xml version="1.0" encoding="UTF-8"?>
<jcr:root xmlns:sling="http://sling.apache.org/jcr/sling/1.0" xmlns:cq="http://www.day.com/jcr/cq/1.0" xmlns:jcr="http://www.jcp.org/jcr/1.0" xmlns:nt="http://www.jcp.org/jcr/nt/1.0" xmlns:rep="internal"
    jcr:mixinTypes="[rep:AccessControllable]"
    jcr:primaryType="cq:Page">
    <rep:policy/>
    <wcm jcr:primaryType="nt:unstructured">
        <foundation jcr:primaryType="nt:unstructured">
            <components jcr:primaryType="nt:unstructured">
                <responsivegrid jcr:primaryType="nt:unstructured">
                    <content-default
                        jcr:description="Policy for editable layout containers"
                        jcr:primaryType="nt:unstructured"
                        jcr:title="projectName Default"
                        sling:resourceType="wcm/core/components/policy/policy"
                        components="[group:projectName,/apps/projectName/components/form/container]"
                        policyResourceType="wcm/foundation/components/responsivegrid">
                        <cq:authoring jcr:primaryType="nt:unstructured">
                            <assetToComponentMapping jcr:primaryType="nt:unstructured">
                                <image
                                    jcr:primaryType="nt:unstructured"
                                    assetGroup="media"
                                    assetMimetype="image/*"
                                    droptarget="image"
                                    resourceType="projectName/components/content/image"
                                    type="Images"/>
                            </assetToComponentMapping>
                        </cq:authoring>
                        <jcr:content
                            cq:lastReplicated="{Date}2022-04-26T20:38:57.019+05:30"
                            cq:lastReplicatedBy="admin"
                            cq:lastReplicationAction="Activate"
                            jcr:mixinTypes="[cq:ReplicationStatus]"
                            jcr:primaryType="nt:unstructured"
                            mergeList="{Boolean}true"/>
                    </content-default>
                </responsivegrid>
            </components>
        </foundation>
    </wcm>
    <projectName jcr:primaryType="nt:unstructured">
        <components jcr:primaryType="nt:unstructured">
            <form jcr:primaryType="nt:unstructured">
                <container jcr:primaryType="nt:unstructured">
                    <form-container
                        jcr:primaryType="nt:unstructured"
                        jcr:title="projectName Form"
                        sling:resourceType="wcm/core/components/policy/policy"
                        components="[/apps/projectName/components/form/button,/apps/projectName/components/form/hidden,/apps/projectName/components/form/options,/apps/projectName/components/form/text]">
                        <jcr:content
                            cq:lastReplicated="{Date}2022-04-26T20:38:57.019+05:30"
                            cq:lastReplicatedBy="admin"
                            cq:lastReplicationAction="Activate"
                            jcr:mixinTypes="[cq:ReplicationStatus]"
                            jcr:primaryType="nt:unstructured"/>
                    </form-container>
                </container>
            </form>
            <content jcr:primaryType="nt:unstructured">
                <breadcrumb jcr:primaryType="nt:unstructured">
                    <policy_4695431918600
                        jcr:lastModified="{Date}2022-05-03T09:42:38.837+05:30"
                        jcr:lastModifiedBy="admin"
                        jcr:primaryType="nt:unstructured"
                        jcr:title="Article Page-breadcrumb"
                        sling:resourceType="wcm/core/components/policy/policy"
                        hideCurrent="false"
                        showHidden="false"
                        startLevel="4">
                        <jcr:content jcr:primaryType="nt:unstructured"/>
                    </policy_4695431918600>
                </breadcrumb>
                <container jcr:primaryType="nt:unstructured">
                    <policy_1651551399366
                        jcr:lastModified="{Date}2022-05-03T09:47:24.461+05:30"
                        jcr:lastModifiedBy="admin"
                        jcr:primaryType="nt:unstructured"
                        jcr:title="Page Content"
                        sling:resourceType="wcm/core/components/policy/policy"
                        components="[group:projectName,group:projectName Form]">
                        <jcr:content jcr:primaryType="nt:unstructured"/>
                    </policy_1651551399366>
                    <policy_5218791976800
                        jcr:lastModified="{Date}2022-05-03T09:51:01.895+05:30"
                        jcr:lastModifiedBy="admin"
                        jcr:primaryType="nt:unstructured"
                        jcr:title="Page Content"
                        sling:resourceType="wcm/core/components/policy/policy"
                        components="[group:projectName,group:projectName Form]">
                        <jcr:content jcr:primaryType="nt:unstructured"/>
                    </policy_5218791976800>
                    <policy_5242894266300
                        jcr:lastModified="{Date}2022-05-03T09:53:06.546+05:30"
                        jcr:lastModifiedBy="admin"
                        jcr:primaryType="nt:unstructured"
                        jcr:title="Article Page - side Rail"
                        sling:resourceType="wcm/core/components/policy/policy"
                        components="[/apps/projectName/components/content/button,/apps/projectName/components/content/download,/apps/projectName/components/content/image,/apps/projectName/components/content/list,/apps/projectName/components/content/sharing,/apps/projectName/components/content/text,/apps/projectName/components/content/title]">
                        <jcr:content jcr:primaryType="nt:unstructured"/>
                    </policy_5242894266300>
                </container>
                <image jcr:primaryType="nt:unstructured"/>
            </content>
            <structure jcr:primaryType="nt:unstructured">
                <page jcr:primaryType="nt:unstructured"/>
            </structure>
        </components>
    </projectName>
</jcr:root>
